{
    "e+left": [
        -1.0916496945010183,
        -1.1704005431093008
    ],
    "left": [
        -0.9180811808118081,
        0.7830258302583026
    ],
    "up": [
        0.0,
        -0.21476510067114093
    ],
    "r+right": [
        0.845861084681256,
        -0.2759276879162702
    ],
    "right": [
        0.8649988731124634,
        0.8307414919990985
    ],
    "e+left+r": [
        -1.8944337811900192,
        -0.8598848368522073
    ],
    "left+r": [
        -1.0931372549019607,
        -0.2610294117647059
    ],
    "r": [
        0.0,
        0.0
    ],
    "e+right": [
        0.928169014084507,
        -0.8429577464788732
    ],
    "e+up": [
        0.0,
        -0.8500687757909215
    ],
    "e+left+up": [
        -0.5192307692307693,
        -2.105769230769231
    ],
    "left+up": [
        0.0,
        -0.46464646464646464
    ],
    "left+r+up": [
        0.8571428571428571,
        -2.4285714285714284
    ],
    "left+right": [
        0.0,
        0.9375
    ],
    "e+r+right": [
        1.7622377622377623,
        -0.6258741258741258
    ],
    "4+right": [
        0.39285714285714285,
        0.0
    ],
    "e": [
        0.0,
        -0.5125
    ],
    "down+left": [
        -0.2,
        0.68
    ],
    "down": [
        0.0,
        0.06939281288723669
    ],
    "down+e": [
        0.0,
        0.0
    ],
    "down+e+r": [
        0.0,
        1.3653846153846154
    ],
    "down+r": [
        0.0,
        2.8958333333333335
    ],
    "e+right+up": [
        0.5945945945945946,
        -2.2972972972972974
    ],
    "e+r": [
        0.569620253164557,
        -0.7848101265822784
    ],
    "6+right": [
        0.5,
        0.0
    ],
    "6": [
        0.0,
        0.0
    ],
    "down+right": [
        0.0,
        0.023255813953488372
    ],
    "down+e+right": [
        0.0,
        0.288135593220339
    ],
    "down+e+left": [
        0.0,
        0.37254901960784315
    ],
    "down+left+r": [
        0.0,
        2.6666666666666665
    ],
    "right+up": [
        0.0,
        -1.0075187969924813
    ],
    "down+e+left+r": [
        0.0,
        0.6875
    ],
    "4": [
        0.0,
        0.0
    ],
    "media_volume_up": [
        0.0,
        0.0
    ],
    "r+right+up": [
        0.25,
        -0.6666666666666666
    ],
    "r+up": [
        0.2962962962962963,
        -1.1851851851851851
    ],
    "4+left": [
        0.0,
        0.0
    ],
    "left+r+right": [
        0.0,
        0.0
    ],
    "e+r+up": [
        0.0,
        -1.4
    ],
    "7+left": [
        -1.0,
        0.0
    ],
    "7": [
        0.0,
        0.0
    ],
    "space": [
        0.16666666666666666,
        -0.16666666666666666
    ],
    "f": [
        0.0,
        0.0
    ],
    "t": [
        0.75,
        0.0
    ]
}